{
  "0": {
    "y_true": [
      1,
      1,
      1,
      1,
      1,
      1,
      1,
      1,
      1,
      1,
      1,
      1,
      1,
      1,
      1,
      1,
      1,
      1,
      1,
      1,
      1,
      1,
      1,
      1,
      1,
      1,
      1,
      1,
      1,
      1,
      1,
      1,
      1,
      1,
      1,
      1,
      1,
      1,
      1,
      1,
      1,
      1,
      1,
      1,
      1,
      1,
      1,
      1,
      1,
      1,
      1,
      1,
      1,
      1,
      1,
      0,
      0,
      0,
      0,
      0,
      0,
      0,
      0,
      0,
      0,
      0
    ],
    "y_hat": [
      0.3661781399186174,
      0.9048980815148483,
      0.8931618539323076,
      0.749492476558733,
      0.9553770194868574,
      0.9298845989620137,
      0.8317151525313583,
      0.9046322375188689,
      0.9216626821410242,
      0.8622025482423946,
      0.9534071847581642,
      0.89757490846066,
      0.9288063179445846,
      0.8873724349135381,
      0.6994871748347518,
      0.9026288467371532,
      0.9155335756457846,
      0.9314047019284399,
      0.8476217002309782,
      0.9193702589569304,
      0.9613554564346024,
      0.9091400138076943,
      0.9227409782481774,
      0.9323424254831533,
      0.8879137391171366,
      0.21188467913053105,
      0.9023724791914762,
      0.9517651217544547,
      0.909463311201877,
      0.7863323061325628,
      0.9546625689062549,
      0.9341470674692289,
      0.9282567904777128,
      0.793847441983484,
      0.8511078757570913,
      0.9377092509776113,
      0.8139459973344794,
      0.952614334078757,
      0.8086762921625783,
      0.8912644292758372,
      0.42417186555234654,
      0.9244967392578132,
      0.6825769696896078,
      0.7000177552690889,
      0.5590938234871455,
      0.8702153361259575,
      0.9359246886699448,
      0.9126125372263225,
      0.9166470619006942,
      0.7413260669916308,
      0.7863667066317637,
      0.9142035527542203,
      0.6091762760123925,
      0.9407063075562805,
      0.4967760350407473,
      0.10862502609233798,
      0.24726818368335174,
      0.02894288109002216,
      0.08486261552261923,
      0.020522642079386484,
      0.05706946394464729,
      0.041327282902990155,
      0.4030191325355081,
      0.14743168372257107,
      0.1443324712217291,
      0.15334823664767666
    ],
    "roc_auc": 0.9950413223140495
  },
  "1": {
    "y_true": [
      1,
      1,
      1,
      1,
      1,
      1,
      1,
      1,
      1,
      1,
      1,
      1,
      1,
      1,
      1,
      1,
      1,
      1,
      1,
      1,
      1,
      1,
      1,
      1,
      1,
      1,
      1,
      1,
      1,
      1,
      1,
      1,
      1,
      1,
      1,
      1,
      1,
      1,
      1,
      1,
      1,
      1,
      1,
      1,
      1,
      1,
      1,
      1,
      1,
      1,
      1,
      1,
      1,
      1,
      1,
      0,
      0,
      0,
      0,
      0,
      0,
      0,
      0,
      0,
      0,
      0
    ],
    "y_hat": [
      0.9138834899316886,
      0.823057696202429,
      0.9332989690171114,
      0.9261645396435201,
      0.8871108298418795,
      0.8996981044662097,
      0.9156279087680863,
      0.9498333717470802,
      0.9208024380206618,
      0.9232988681718477,
      0.890143592726056,
      0.8665452938482467,
      0.2598386800624247,
      0.8396941283904811,
      0.8585296020297122,
      0.9311221009306034,
      0.931796695985253,
      0.4178284415775477,
      0.9392969761525619,
      0.7734543086058916,
      0.8593497432942659,
      0.20061499397050434,
      0.9149474658790357,
      0.9321617643955822,
      0.91218982903656,
      0.9385981537294648,
      0.07536854351467699,
      0.9357305733863047,
      0.9127764113237391,
      0.9400349440262228,
      0.9227046567446888,
      0.8910836937081255,
      0.7321334974314051,
      0.9153844657707757,
      0.8462918266788861,
      0.9108927959842517,
      0.8300610828807324,
      0.88705304447388,
      0.845999304460964,
      0.8632645989828367,
      0.5536596247742173,
      0.9294574591274998,
      0.933535032591543,
      0.8268132112350747,
      0.8481612272651453,
      0.9288137361698215,
      0.8493091369078184,
      0.8791125945689616,
      0.8446703551895149,
      0.8520382318609125,
      0.7689568420394235,
      0.8025793839975635,
      0.9350688155830124,
      0.9339917565782551,
      0.8104192411684359,
      0.08807747443014924,
      0.10890890619281374,
      0.06781070569768646,
      0.043098325315803834,
      0.06590664312167062,
      0.04896014401764766,
      0.07379434985655839,
      0.08127607936076225,
      0.11988724820950367,
      0.05949714938302679,
      0.1773651706617972
    ],
    "roc_auc": 0.9917355371900826
  },
  "2": {
    "y_true": [
      1,
      1,
      1,
      1,
      1,
      1,
      1,
      1,
      1,
      1,
      1,
      1,
      1,
      1,
      1,
      1,
      1,
      1,
      1,
      1,
      1,
      1,
      1,
      1,
      1,
      1,
      1,
      1,
      1,
      1,
      1,
      1,
      1,
      1,
      1,
      1,
      1,
      1,
      1,
      1,
      1,
      1,
      1,
      1,
      1,
      1,
      1,
      1,
      1,
      1,
      1,
      1,
      1,
      1,
      1,
      0,
      0,
      0,
      0,
      0,
      0,
      0,
      0,
      0,
      0,
      0
    ],
    "y_hat": [
      0.8616825048195978,
      0.8825935077198668,
      0.903103744320315,
      0.9021739846399859,
      0.9271474004333923,
      0.9260460812748159,
      0.9506844297155033,
      0.9240061665986741,
      0.9074800977893343,
      0.6875254112426874,
      0.9082235757491071,
      0.9320457450445682,
      0.9330218196219158,
      0.913551332015591,
      0.9449931318719242,
      0.8889589157816005,
      0.9100133918222297,
      0.9103139227049653,
      0.9656359100962346,
      0.9462123535239644,
      0.9662532046449068,
      0.9015829577025767,
      0.870768963180945,
      0.8907408337076334,
      0.9479838428484868,
      0.9058371142840049,
      0.8137508924982182,
      0.8733519432562511,
      0.3640393338294803,
      0.9291721367929034,
      0.9189597512455876,
      0.8804237594569566,
      0.867601832211903,
      0.9272358686707678,
      0.9090539804172845,
      0.9469008545428246,
      0.9228510627823199,
      0.8639483875561795,
      0.9315807593782086,
      0.8984683727662894,
      0.8186175486803264,
      0.8564070100406286,
      0.8755644524217834,
      0.714935739613607,
      0.5850621410977821,
      0.7828775656873412,
      0.7492931866373231,
      0.9542663001098723,
      0.9004615837147636,
      0.9518934147288958,
      0.9134285091824992,
      0.9270548824051823,
      0.8636182419452564,
      0.8441622453613709,
      0.707797538356115,
      0.22144589183744734,
      0.09049827553971566,
      0.0773698122475819,
      0.02782015869746686,
      0.04860158880522232,
      0.12271028949973098,
      0.08175602575669949,
      0.061443041195358664,
      0.05265415599586221,
      0.08823705072274263,
      0.23621602420625626
    ],
    "roc_auc": 1.0
  },
  "3": {
    "y_true": [
      1,
      1,
      1,
      1,
      1,
      1,
      1,
      1,
      1,
      1,
      1,
      1,
      1,
      1,
      1,
      1,
      1,
      1,
      1,
      1,
      1,
      1,
      1,
      1,
      1,
      1,
      1,
      1,
      1,
      1,
      1,
      1,
      1,
      1,
      1,
      1,
      1,
      1,
      1,
      1,
      1,
      1,
      1,
      1,
      1,
      1,
      1,
      1,
      1,
      1,
      1,
      1,
      1,
      1,
      1,
      0,
      0,
      0,
      0,
      0,
      0,
      0,
      0,
      0,
      0,
      0
    ],