{
  "0": {
    "y_true": [
      0,
      0,
      0,
      0,
      1,
      0,
      0,
      1,
      1,
      0,
      1,
      0,
      0,
      1
    ],
    "y_hat": [
      0.21013423127934813,
      0.13001020731371243,
      0.16871306306272296,
      0.26593137238509457,
      0.8051905606134068,
      0.24392747316132807,
      0.5896998840023557,
      0.6158190588276761,
      0.7854610536949895,
      0.22328756134186015,
      0.5636564350952514,
      0.15503058530347286,
      0.3796906969532826,
      0.6248622401374019
    ],
    "roc_auc": 0.9777777777777777
  },
  "1": {
    "y_true": [
      0,
      0,
      0,
      1,
      0,
      0,
      1,
      0,
      1,
      1,
      0,
      1,
      0,
      0
    ],
    "y_hat": [
      0.15719671824188255,
      0.23837989036971702,
      0.8050192987298564,
      0.5003620456638711,
      0.5233581003343026,
      0.4441249535305408,
      0.48950189871403094,
      0.5641040460853641,
      0.4215250063614449,
      0.48212172130128006,
      0.2750603670956801,
      0.6047867468004776,
      0.20305073360338,
      0.27279070587814175
    ],
    "roc_auc": 0.6888888888888889
  },
  "2": {
    "y_true": [
      0,
      0,
      0,
      0,
      1,
      1,
      1,
      1,
      0,
      0,
      0,
      0,
      1,
      0
    ],
    "y_hat": [
      0.21978324098965996,
      0.21350038595962517,
      0.635441113792381,
      0.598417223782191,
      0.6851253654813205,
      0.7254869956061236,
      0.7230987688085289,
      0.7491425219338128,
      0.6722221883008408,
      0.28914927654220024,
      0.18072157765225147,
      0.3736504095058769,
      0.5589889791688216,
      0.7263524899294682
    ],
    "roc_auc": 0.8444444444444444
  },
  "3": {
    "y_true": [
      0,
      1,
      0,
      0,
      0,
      1,
      0,
      1,
      1,
      0,
      0,
      0,
      1,
      0
    ],
    "y_hat": [
      0.23145078866425994,
      0.7764331286240185,
      0.2475726906130206,
      0.6067011825736934,
      0.5325098798818675,
      0.5050263714017114,
      0.42465923240340514,
      0.5561762209538306,
      0.5740735646595732,
      0.22538865334079,
      0.2644371670063743,
      0.2585747163743347,
      0.47032176785914837,
      0.2059092048154968
    ],
    "roc_auc": 0.8666666666666667
  },
  "4": {
    "y_true": [
      0,
      1,
      0,
      0,
      1,
      0,
      1,
      0,
      1,
      1,
      0,
      0,
      0,
      0
    ],
    "y_hat": [
      0.2134614452434635,
      0.7182084572573202,
      0.2612164098107579,
      0.24517451353507164,
      0.6876073649979286,
      0.6153401352127619,
      0.5924100840346219,
      0.6180017273378451,
      0.46213627273774166,
      0.46554930689068375,
      0.2424970728179889,
      0.25899549683572265,
      0.20949154288014427,
      0.2994570027332268
    ],
    "roc_auc": 0.8666666666666667
  }
}