{
  "0": {
    "y_true": [
      1,
      1,
      0,
      0,
      0,
      1,
      0,
      0,
      0,
      0,
      0,
      0,
      1,
      0,
      1,
      1,
      0,
      0,
      0,
      0,
      0,
      0,
      0,
      0,
      0,
      0,
      0,
      0,
      0,
      1,
      0,
      0,
      0,
      0,
      0,
      1,
      0,
      0,
      0,
      0,
      0,
      0,
      0,
      0,
      0,
      1,
      0,
      0,
      0,
      0,
      0,
      0,
      0,
      0,
      0,
      0
    ],
    "y_hat": [
      0.9288940365755136,
      0.3661622109531003,
      0.1465976936862935,
      0.11823779771931692,
      0.4192545714431807,
      0.9736348556212269,
      0.3189503214240669,
      0.9281140025782174,
      0.5682887580533944,
      0.24920895824028394,
      0.6125240617445582,
      0.5166869961413934,
      0.6084831055828678,
      0.7649235095950702,
      0.9473313907295015,
      0.8969055493139216,
      0.14804043495217578,
      0.09918038384197041,
      0.28968108298650863,
      0.1227440301358943,
      0.3857899481529523,
      0.14243829896255272,
      0.16619559745468798,
      0.18823027161856243,
      0.17610042061506964,
      0.25084065998455324,
      0.17798738231903238,
      0.052733982244591235,
      0.05972346344942781,
      0.6069521087169194,
      0.16338397926228454,
      0.12785899311850207,
      0.2251126059561118,
      0.3795595427970735,
      0.17099180238000217,
      0.4289275169598864,
      0.07795698402442533,
      0.191779418738821,
      0.2029712860148511,
      0.7109225013733207,
      0.2151111514443519,
      0.6765241397215933,
      0.13479092483028446,
      0.19001586913763877,
      0.24727532030945554,
      0.9133612643994276,
      0.2857261225282349,
      0.09476260644549653,
      0.4436006909345958,
      0.1825300972067218,
      0.3176162874090642,
      0.08494156584184734,
      0.15791045457189967,
      0.19237983119272978,
      0.05419766053622751,
      0.09261565269186252
    ],
    "roc_auc": 0.9267139479905437
  },
  "1": {
    "y_true": [
      1,
      0,
      0,
      0,
      0,
      0,
      1,
      1,
      1,
      0,
      0,
      1,
      1,
      0,
      0,
      0,
      0,
      0,
      0,
      0,
      0,
      0,
      0,
      0,
      0,
      0,
      0,
      0,
      0,
      0,
      0,
      0,
      0,
      0,
      0,
      0,
      0,
      0,
      0,
      0,
      1,
      0,
      0,
      0,
      0,
      1,
      0,
      0,
      0,
      0,
      0,
      0,
      0,
      0,
      0,
      0
    ],
    "y_hat": [
      0.933509524036041,
      0.5342145772321019,
      0.1334941099334346,
      0.31111899630338746,
      0.17173604466146353,
      0.1620102691645382,
      0.4522230615725825,
      0.32170874502647684,
      0.2946997459619299,
      0.6396848055044971,
      0.6492456659341603,
      0.595126431684322,
      0.941630948911151,
      0.08544128071087165,
      0.15446586637948878,
      0.09332401259656053,
      0.16293527225751353,
      0.1636105922310298,
      0.14873865346334741,
      0.15177993557307842,
      0.19907236011574353,
      0.1344436901728132,
      0.2179156191648341,
      0.13671728100693042,
      0.15619870254874763,
      0.21147267573206138,
      0.2072522923084288,
      0.16471245267417023,
      0.23839160690256256,
      0.5015469377071468,
      0.20919478355077364,
      0.2019969157893668,
      0.25570142345357066,
      0.0982581844120986,
      0.14704128755290352,
      0.13160373985671703,
      0.12151721720501604,
      0.2149696797455387,
      0.32014325492964296,
      0.12355896058473359,
      0.9543843564123093,
      0.10704763863083444,
      0.1644530386968187,
      0.7103100534120728,
      0.18540438116253832,
      0.598121264971343,
      0.750913691705184,
      0.4312165464118694,
      0.23991727172786,
      0.11100253324037182,
      0.12207727637980181,
      0.4746684450129559,
      0.13474968421207628,
      0.536284711212403,
      0.1474997009246385,
      0.11770809138607692
    ],
    "roc_auc": 0.90625
  },
  "2": {
    "y_true": [
      1,
      0,
      1,
      0,
      0,
      0,
      0,
      1,
      0,
      0,
      0,
      0,
      0,
      0,
      0,
      0,
      0,
      0,
      0,
      0,
      0,
      0,
      0,
      0,
      0,
      0,
      0,
      0,
      0,
      1,
      0,
      0,
      0,
      0,
      0,
      0,
      0,
      0,
      0,
      0,
      0,
      0,
      1,
      0,
      0,
      0,
      1,
      1,
      0,
      1,
      0,
      0,
      0,
      0,
      0,
      0
    ],
    "y_hat": [
      0.9430239631278341,
      0.10467872825990368,
      0.8570535709521274,
      0.4167175976861024,
      0.04060725519681135,
      0.12272536071153022,
      0.9657061286945333,
      0.9394143825838897,
      0.172293005160898,
      0.2171108827969705,
      0.6868509151409592,
      0.29817129047861796,
      0.04499323666198814,
      0.06380980422874995,
      0.285347088581627,
      0.08271849785068791,
      0.09989776201540301,
      0.21007641440741615,
      0.0929706610196809,
      0.1974715381041483,
      0.39029032615971987,
      0.1547394007771375,
      0.15894970388625684,
      0.5108594838390914,
      0.1809876978217324,
      0.07479247032786451,
      0.13292104539571464,
      0.5444547485578088,
      0.6764043782557478,
      0.6082578037437039,
      0.11942352341929093,
      0.031174126269120306,
      0.18924188969789082,
      0.192828024990667,
      0.11487447401545664,
      0.1406060605096063,
      0.3235720864206725,
      0.06232807036455296,
      0.4509052881484516,
      0.30219301697009815,
      0.3576325971296652,
      0.10930531778462085,
      0.8786972227244283,
      0.0703232135769954,
      0.4840714807094596,
      0.10695944434135997,
      0.6322194284775355,
      0.7963463563481331,
      0.0944623012053813,
      0.3701013533111156,
      0.66241019346656,
      0.08880307369347776,
      0.2957674321150213,
      0.26482407794359863,
      0.08916542693220655,
      0.16084225957463527
    ],
    "roc_auc": 0.9401041666666666
  },
  "3": {
    "y_true": [
      1,
      0,
      0,
      0,
      1,
      0,
      0,
      0,
      0,
      1,
      0,
      1,
      1,
      0,
      0,
      0,
      0,
      0,
      0,
      1,
      0,
      0,
      0,
      0,
      0,
      0,
      0,
      0,
      0,
      0,
      0,
      0,
      0,
      0,
      0,
      1,
      0,
      0,
      0,
      0,
      0,
      0,
      0,
      0,
      0,
      0,
      0,
      0,
      0,
      0,
      1,
      0,
      0,
      0,
      0,
      0
    ],